{
  "vowels": {
    "ee": {
      "label": "EE (/i/ heed)",
      "f1": 342,
      "f2": 2322,
      "f3": 3000,
      "f4": 3657,
      "f1_bark": 3.3130883441047922,
      "f2_bark": 14.052720516288693,
      "f3_bark": 15.6023504069748,
      "f4_bark": 16.74739878882249
    },
    "ih": {
      "label": "IH (/ɪ/ hid)",
      "f1": 427,
      "f2": 2034,
      "f3": 2684,
      "f4": 3400,
      "f1_bark": 4.090714901239967,
      "f2_bark": 13.212828387805324,
      "f3_bark": 14.940703575101782,
      "f4_bark": 16.32955551603793
    },
    "eh": {
      "label": "EH (/ɛ/ head)",
      "f1": 530,
      "f2": 1680,
      "f3": 2500,
      "f4": 3400,
      "f1_bark": 4.995409960933177,
      "f2_bark": 11.9583905469557,
      "f3_bark": 14.50943944496099,
      "f4_bark": 16.32955551603793
    },
    "ae": {
      "label": "AE (/æ/ had)",
      "f1": 660,
      "f2": 1720,
      "f3": 2410,
      "f4": 3400,
      "f1_bark": 6.071151723366367,
      "f2_bark": 12.114892687625558,
      "f3_bark": 14.283790918570075,
      "f4_bark": 16.32955551603793
    },
    "ah": {
      "label": "AH (/ɑ/ father)",
      "f1": 700,
      "f2": 1220,
      "f3": 2600,
      "f4": 3400,
      "f1_bark": 6.386431078874903,
      "f2_bark": 9.811924320073134,
      "f3_bark": 14.748543595665694,
      "f4_bark": 16.32955551603793
    },
    "aw": {
      "label": "AW (/ɔ/ saw)",
      "f1": 570,
      "f2": 840,
      "f3": 2410,
      "f4": 3400,
      "f1_bark": 5.334558172802388,
      "f2_bark": 7.430206501728257,
      "f3_bark": 14.283790918570075,
      "f4_bark": 16.32955551603793
    },
    "uh": {
      "label": "UH (/ʊ/ hood)",
      "f1": 440,
      "f2": 1020,
      "f3": 2240,
      "f4": 3400,
      "f1_bark": 4.207279385660426,
      "f2_bark": 8.637383715926724,
      "f3_bark": 13.827333617738475,
      "f4_bark": 16.32955551603793
    },
    "oo": {
      "label": "OO (/u/ who)",
      "f1": 350,
      "f2": 1250,
      "f3": 2200,
      "f4": 3400,
      "f1_bark": 3.387360674450954,
      "f2_bark": 9.974113041461994,
      "f3_bark": 13.713624215149828,
      "f4_bark": 16.32955551603793
    },
    "er": {
      "label": "ER (/ɝ/ bird)",
      "f1": 490,
      "f2": 1350,
      "f3": 1690,
      "f4": 3400,
      "f1_bark": 4.649300001394378,
      "f2_bark": 10.490358505101327,
      "f3_bark": 11.997907352859556,
      "f4_bark": 16.32955551603793
    },
    "schwa": {
      "label": "SCHWA (/ə/ about)",
      "f1": 500,
      "f2": 1500,
      "f3": 2500,
      "f4": 3400,
      "f1_bark": 4.73646658243365,
      "f2_bark": 11.199358634201916,
      "f3_bark": 14.50943944496099,
      "f4_bark": 16.32955551603793
    }
  },
  "nasals": {
    "nasal_m": {
      "label": "M murmur",
      "f1": 270,
      "f2": 1200,
      "anti1": 450,
      "anti2": 1200,
      "f1_bark": 2.6356128004071113,
      "f2_bark": 9.701852142740739,
      "anti1_bark": 4.296492156050093,
      "anti2_bark": 9.701852142740739
    },
    "nasal_n": {
      "label": "N murmur",
      "f1": 270,
      "f2": 1700,
      "anti1": 500,
      "anti2": 1500,
      "f1_bark": 2.6356128004071113,
      "f2_bark": 12.037161707766666,
      "anti1_bark": 4.73646658243365,
      "anti2_bark": 11.199358634201916
    }
  },
  "landmarks": {
    "entries": [
      {
        "name": "chest_resonance",
        "freq_hz": 125,
        "bw_hz": 40,
        "freq_bark": 1.232276920047402
      },
      {
        "name": "vocal_tract_f1_floor",
        "freq_hz": 250,
        "bw_hz": 60,
        "freq_bark": 2.4447941919652387
      },
      {
        "name": "room_mode_small",
        "freq_hz": 150,
        "bw_hz": 30,
        "freq_bark": 1.4770295766452703
      },
      {
        "name": "room_mode_medium",
        "freq_hz": 80,
        "bw_hz": 20,
        "freq_bark": 0.7898264353007911
      },
      {
        "name": "telephone_band_low",
        "freq_hz": 300,
        "bw_hz": 100,
        "freq_bark": 2.9197845726620226
      },
      {
        "name": "telephone_band_high",
        "freq_hz": 3400,
        "bw_hz": 200,
        "freq_bark": 16.32955551603793
      },
      {
        "name": "ear_canal_resonance",
        "freq_hz": 2700,
        "bw_hz": 400,
        "freq_bark": 14.976459600825875
      },
      {
        "name": "presence_peak",
        "freq_hz": 3500,
        "bw_hz": 300,
        "freq_bark": 16.49612904059112
      },
      {
        "name": "sibilance_band",
        "freq_hz": 7000,
        "bw_hz": 1000,
        "freq_bark": 20.51310903243458
      },
      {
        "name": "air_band",
        "freq_hz": 12000,
        "bw_hz": 2000,
        "freq_bark": 23.194978022758818
      }
    ]
  },
  "measured_bells": [
    {
      "name": "freiburg_hosanna",
      "partials": [
        263,
        527,
        660,
        789,
        1056,
        1320
      ],
      "partials_bark": [
        2.568946090158544,
        4.969690218651446,
        6.071151723366367,
        7.060744839218853,
        8.86127675807942,
        10.339324224109518
      ]
    },
    {
      "name": "st_mary_le_tower",
      "partials": [
        349,
        698,
        872,
        1047,
        1397,
        1745
      ],
      "partials_bark": [
        3.378088314944326,
        6.3708462981760245,
        7.65575901652107,
        8.805834443379219,
        10.720614897663284,
        12.210622678855387
      ]
    },
    {
      "name": "berlin_freedom",
      "partials": [
        440,
        880,
        1100,
        1320,
        1760,
        2200
      ],
      "partials_bark": [
        4.207279385660426,
        7.711396791199888,
        9.127307073127533,
        10.339324224109518,
        12.267310087091992,
        13.713624215149828
      ]
    },
    {
      "name": "stretched_treble",
      "partials": [
        523,
        1060,
        1350,
        1590,
        2120,
        2680
      ],
      "partials_bark": [
        4.935336453639689,
        8.885804983465576,
        10.490358505101327,
        11.590522668462313,
        13.478313769145261,
        14.93172329535683
      ]
    }
  ],
  "electronic": {
    "acid": {
      "label": "Acid Sweep",
      "freq_start": 200,
      "freq_end": 8000,
      "freq_start_bark": 1.9634785895415792,
      "freq_end_bark": 21.275321287931146
    },
    "telephone": {
      "label": "Telephone Band",
      "freq_start": 300,
      "freq_end": 3400,
      "freq_start_bark": 2.9197845726620226,
      "freq_end_bark": 16.32955551603793
    }
  },
  "consonants": {
    "s": {
      "label": "S fricative",
      "type": "fricative",
      "formants": [
        {
          "freq": 2530,
          "bw": 200,
          "amplitude_db": 0,
          "bark": 14.582407470333697
        },
        {
          "freq": 3500,
          "bw": 250,
          "amplitude_db": 0,
          "bark": 16.49612904059112
        },
        {
          "freq": 4500,
          "bw": 200,
          "amplitude_db": 0,
          "bark": 17.931717187760114
        },
        {
          "freq": 4900,
          "bw": 200,
          "amplitude_db": 52,
          "bark": 18.42194669144603
        }
      ],
      "procrustean_note": "Parallel formant law forced into serial cascade via extreme unit-circle zero-forcing. Creates shattering/folding HF character instead of true turbulent noise."
    },
    "sh": {
      "label": "SH fricative",
      "type": "fricative",
      "formants": [
        {
          "freq": 2750,
          "bw": 300,
          "amplitude_db": 57,
          "bark": 15.086530099473443
        },
        {
          "freq": 3500,
          "bw": 300,
          "amplitude_db": 48,
          "bark": 16.49612904059112
        },
        {
          "freq": 4500,
          "bw": 250,
          "amplitude_db": 48,
          "bark": 17.931717187760114
        },
        {
          "freq": 5500,
          "bw": 300,
          "amplitude_db": 46,
          "bark": 19.094618273989006
        }
      ],