{
  "schema": "trench.x3.function_generator.v1",
  "source": "16 Step Shaker.xml",
  "template": {
    "module": "Function Generator",
    "name": "16StepShaker"
  },
  "bpm": 1,
  "rate": 1.0,
  "sync": 2,
  "smooth": 1,
  "direction": 0,
  "length": 15,
  "values": {
    "0": 0.8125,
    "1": -0.765625,
    "2": 0.0,
    "3": -0.796875,
    "4": 0.921875,
    "5": -0.390625,
    "6": 0.0,
    "7": -0.6875,
    "8": 0.875,
    "9": -0.71875,
    "10": -0.015625,
    "11": -0.546875,
    "12": 0.625,
    "13": -0.65625,
    "14": 0.765625,
    "15": -0.4375,
    "16": -1.0,
    "17": 0.0,
    "18": 0.0,
    "19": 0.0,
    "20": 0.0,
    "21": 0.0,
    "22": -0.015625,
    "23": -0.015625,
    "24": -0.015625,
    "25": -0.015625,
    "26": -0.015625,
    "27": -0.015625,
    "28": -0.015625,
    "29": -0.015625,
    "30": -0.015625,
    "31": -0.015625,
    "32": -0.015625,
    "33": -0.015625,
    "34": -0.015625,
    "35": -0.015625,
    "36": -0.015625,
    "37": -0.015625,
    "38": -0.015625,
    "39": -0.015625,
    "40": -0.015625,
    "41": -0.015625,
    "42": -0.015625,
    "43": 0.0,
    "44": 0.0,
    "45": 0.0,
    "46": 0.0,
    "47": 0.0,
    "48": 0.0,
    "49": 0.0,
    "50": 0.0,
    "51": 0.0,
    "52": 0.0,
    "53": 0.0,
    "54": 0.0,
    "55": 0.0,
    "56": 0.0,
    "57": 0.0,
    "58": 0.0,
    "59": 0.0,
    "60": -0.015625,
    "61": -0.015625,
    "62": -0.015625,
    "63": -0.015625
  },
  "triggers": {
    "0": 1,
    "1": 0,
    "2": 0,
    "3": 0,
    "4": 0,
    "5": 0,
    "6": 0,
    "7": 0,
    "8": 0,
    "9": 0,
    "10": 1,
    "11": 0,
    "12": 1,
    "13": 0,
    "14": 0,
    "15": 0,
    "16": 0,
    "17": 0,
    "18": 0,
    "19": 0,
    "20": 0,
    "21": 0,
    "22": 0,
    "23": 0,
    "24": 0,
    "25": 0,
    "26": 0,
    "27": 0,
    "28": 0,
    "29": 0,
    "30": 0,
    "31": 0,
    "32": 0,
    "33": 0,
    "34": 0,
    "35": 0,
    "36": 0,
    "37": 0,
    "38": 0,
    "39": 0,
    "40": 0,
    "41": 0,
    "42": 0,
    "43": 0,
    "44": 0,
    "45": 0,
    "46": 0,
    "47": 0,
    "48": 0,
    "49": 0,
    "50": 0,
    "51": 0,
    "52": 0,
    "53": 0,
    "54": 0,
    "55": 0,
    "56": 0,
    "57": 0,
    "58": 0,
    "59": 0,
    "60": 0,
    "61": 0,
    "62": 0,
    "63": 2
  }
}