{
  "schema": "trench.x3.function_generator.v1",
  "source": "EightEightRhythm.xml",
  "template": {
    "module": "Function Generator",
    "name": "EightEightRhythm"
  },
  "bpm": 1,
  "rate": 7.0,
  "sync": 0,
  "smooth": 0,
  "direction": 0,
  "length": 15,
  "values": {
    "0": 0.671875,
    "1": 0.4375,
    "2": 0.25,
    "3": 0.75,
    "4": 0.453125,
    "5": 0.21875,
    "6": 0.84375,
    "7": 0.390625,
    "8": 0.734375,
    "9": 0.53125,
    "10": 0.359375,
    "11": 0.828125,
    "12": 0.546875,
    "13": 0.21875,
    "14": 0.65625,
    "15": 0.109375,
    "16": -0.015625,
    "17": -0.015625,
    "18": 0.0,
    "19": 0.0,
    "20": 0.0,
    "21": 0.0,
    "22": 0.0,
    "23": 0.0,
    "24": 0.0,
    "25": 0.0,
    "26": 0.0,
    "27": 0.0,
    "28": 0.0,
    "29": -0.015625,
    "30": -0.015625,
    "31": -0.015625,
    "32": -0.015625,
    "33": -0.015625,
    "34": -0.015625,
    "35": -0.015625,
    "36": -0.015625,
    "37": -0.015625,
    "38": -0.015625,
    "39": -0.015625,
    "40": -0.015625,
    "41": -0.015625,
    "42": -0.015625,
    "43": -0.015625,
    "44": -0.015625,
    "45": -0.015625,
    "46": -0.015625,
    "47": -0.015625,
    "48": -0.015625,
    "49": 0.0,
    "50": 0.0,
    "51": 0.0,
    "52": -0.015625,
    "53": -0.015625,
    "54": -0.015625,
    "55": 0.0,
    "56": 0.0,
    "57": 0.0,
    "58": 0.0,
    "59": 0.0,
    "60": 0.0,
    "61": 0.0,
    "62": 0.0,
    "63": 0.0
  },
  "triggers": {
    "0": 0,
    "1": 0,
    "2": 0,
    "3": 0,
    "4": 1,
    "5": 0,
    "6": 0,
    "7": 0,
    "8": 0,
    "9": 1,
    "10": 0,
    "11": 0,
    "12": 0,
    "13": 0,
    "14": 0,
    "15": 0,
    "16": 0,
    "17": 0,
    "18": 0,
    "19": 0,
    "20": 0,
    "21": 0,
    "22": 0,
    "23": 1,
    "24": 0,
    "25": 0,
    "26": 0,
    "27": 0,
    "28": 1,
    "29": 1,
    "30": 0,
    "31": 1,
    "32": 0,
    "33": 0,
    "34": 2,
    "35": 0,
    "36": 0,
    "37": 0,
    "38": 0,
    "39": 0,
    "40": 0,
    "41": 0,
    "42": 0,
    "43": 0,
    "44": 0,
    "45": 0,
    "46": 0,
    "47": 0,
    "48": 0,
    "49": 0,
    "50": 0,
    "51": 0,
    "52": 0,
    "53": 0,
    "54": 0,
    "55": 0,
    "56": 0,
    "57": 0,
    "58": 0,
    "59": 0,
    "60": 0,
    "61": 2,
    "62": 0,
    "63": 0
  }
}