{
  "schema": "trench.x3.function_generator.v1",
  "source": "HorseLaugh.xml",
  "template": {
    "module": "Function Generator",
    "name": "HorseLaugh"
  },
  "bpm": 1,
  "rate": 1.0,
  "sync": 2,
  "smooth": 1,
  "direction": 0,
  "length": 63,
  "values": {
    "0": 0.0,
    "1": 0.0625,
    "2": 0.125,
    "3": 0.171875,
    "4": 0.21875,
    "5": 0.265625,
    "6": 0.34375,
    "7": 0.4375,
    "8": 0.53125,
    "9": 0.625,
    "10": 0.734375,
    "11": 0.859375,
    "12": 1.0,
    "13": -1.0,
    "14": -1.0,
    "15": -1.0,
    "16": -1.0,
    "17": -1.0,
    "18": 1.0,
    "19": 1.0,
    "20": -1.0,
    "21": -1.0,
    "22": -1.0,
    "23": -1.0,
    "24": -1.0,
    "25": 0.96875,
    "26": 0.96875,
    "27": -1.0,
    "28": -1.0,
    "29": -1.0,
    "30": -1.0,
    "31": -1.0,
    "32": 0.90625,
    "33": 0.90625,
    "34": -1.0,
    "35": -1.0,
    "36": -1.0,
    "37": -1.0,
    "38": 0.859375,
    "39": -1.0,
    "40": -1.0,
    "41": -1.0,
    "42": 0.8125,
    "43": -1.0,
    "44": -1.0,
    "45": 0.703125,
    "46": -1.0,
    "47": 0.578125,
    "48": -1.0,
    "49": 0.234375,
    "50": -1.0,
    "51": 0.078125,
    "52": -1.0,
    "53": 0.140625,
    "54": -1.0,
    "55": 0.234375,
    "56": -1.0,
    "57": 0.34375,
    "58": -1.0,
    "59": 0.484375,
    "60": -1.0,
    "61": 0.71875,
    "62": -1.0,
    "63": 0.46875
  },
  "triggers": {
    "0": 0,
    "1": 0,
    "2": 0,
    "3": 0,
    "4": 0,
    "5": 0,
    "6": 0,
    "7": 0,
    "8": 0,
    "9": 0,
    "10": 0,
    "11": 0,
    "12": 0,
    "13": 0,
    "14": 0,
    "15": 0,
    "16": 0,
    "17": 0,
    "18": 0,
    "19": 0,
    "20": 0,
    "21": 0,
    "22": 0,
    "23": 0,
    "24": 0,
    "25": 0,
    "26": 0,
    "27": 0,
    "28": 0,
    "29": 0,
    "30": 0,
    "31": 0,
    "32": 0,
    "33": 0,
    "34": 0,
    "35": 0,
    "36": 0,
    "37": 0,
    "38": 0,
    "39": 0,
    "40": 0,
    "41": 0,
    "42": 0,
    "43": 0,
    "44": 0,
    "45": 0,
    "46": 0,
    "47": 0,
    "48": 0,
    "49": 0,
    "50": 0,
    "51": 0,
    "52": 0,
    "53": 0,
    "54": 0,
    "55": 0,
    "56": 0,
    "57": 0,
    "58": 0,
    "59": 0,
    "60": 0,
    "61": 0,
    "62": 0,
    "63": 0
  }
}