{
  "schema": "trench.x3.function_generator.v1",
  "source": "Jittery.xml",
  "template": {
    "module": "Function Generator",
    "name": "Jittery"
  },
  "bpm": 0,
  "rate": 18.01,
  "sync": 1,
  "smooth": 1,
  "direction": 2,
  "length": 63,
  "values": {
    "0": -0.015625,
    "1": -0.03125,
    "2": 0.09375,
    "3": 0.03125,
    "4": -0.03125,
    "5": -0.0625,
    "6": 0.0,
    "7": 0.015625,
    "8": 0.109375,
    "9": 0.046875,
    "10": -0.078125,
    "11": 0.03125,
    "12": -0.0625,
    "13": -0.046875,
    "14": -0.09375,
    "15": 0.0625,
    "16": -0.046875,
    "17": -0.0625,
    "18": 0.0625,
    "19": -0.09375,
    "20": -0.03125,
    "21": -0.09375,
    "22": 0.078125,
    "23": -0.046875,
    "24": -0.078125,
    "25": 0.046875,
    "26": -0.03125,
    "27": -0.046875,
    "28": 0.0625,
    "29": -0.140625,
    "30": 0.0625,
    "31": -0.078125,
    "32": 0.0,
    "33": 0.03125,
    "34": -0.015625,
    "35": -0.0625,
    "36": -0.03125,
    "37": 0.046875,
    "38": -0.078125,
    "39": -0.046875,
    "40": -0.015625,
    "41": 0.0364583,
    "42": 0.0625,
    "43": -0.03125,
    "44": 0.046875,
    "45": -0.046875,
    "46": 0.015625,
    "47": -0.046875,
    "48": -0.046875,
    "49": -0.03125,
    "50": 0.03125,
    "51": -0.03125,
    "52": 0.015625,
    "53": -0.03125,
    "54": 0.0625,
    "55": 0.046875,
    "56": -0.046875,
    "57": -0.078125,
    "58": 0.046875,
    "59": -0.046875,
    "60": -0.046875,
    "61": -0.109375,
    "62": 0.046875,
    "63": -0.046875
  },
  "triggers": {
    "0": 0,
    "1": 0,
    "2": 0,
    "3": 0,
    "4": 0,
    "5": 0,
    "6": 0,
    "7": 0,
    "8": 0,
    "9": 0,
    "10": 0,
    "11": 0,
    "12": 0,
    "13": 0,
    "14": 0,
    "15": 0,
    "16": 0,
    "17": 0,
    "18": 0,
    "19": 0,
    "20": 0,
    "21": 0,
    "22": 0,
    "23": 0,
    "24": 0,
    "25": 0,
    "26": 0,
    "27": 0,
    "28": 0,
    "29": 0,
    "30": 0,
    "31": 0,
    "32": 0,
    "33": 0,
    "34": 0,
    "35": 0,
    "36": 0,
    "37": 0,
    "38": 0,
    "39": 0,
    "40": 0,
    "41": 0,
    "42": 0,
    "43": 0,
    "44": 0,
    "45": 0,
    "46": 0,
    "47": 0,
    "48": 0,
    "49": 0,
    "50": 0,
    "51": 0,
    "52": 0,
    "53": 0,
    "54": 0,
    "55": 0,
    "56": 0,
    "57": 0,
    "58": 0,
    "59": 0,
    "60": 0,
    "61": 0,
    "62": 0,
    "63": 0
  }
}