{
  "schema": "trench.x3.function_generator.v1",
  "source": "Morse Code.xml",
  "template": {
    "module": "Function Generator",
    "name": "MorseCode24FUN"
  },
  "bpm": 1,
  "rate": 7.0,
  "sync": 2,
  "smooth": 0,
  "direction": 0,
  "length": 23,
  "values": {
    "0": 0.59375,
    "1": 0.0,
    "2": 0.765625,
    "3": -0.015625,
    "4": 0.953125,
    "5": -0.015625,
    "6": -0.015625,
    "7": 0.828125,
    "8": -0.015625,
    "9": 0.15625,
    "10": 0.328125,
    "11": 0.65625,
    "12": 0.0,
    "13": 0.3125,
    "14": 0.640625,
    "15": 0.15625,
    "16": 0.96875,
    "17": 0.75,
    "18": 0.5,
    "19": 0.203125,
    "20": -0.015625,
    "21": 0.71875,
    "22": 0.4375,
    "23": 0.890625,
    "24": -0.015625,
    "25": 0.0,
    "26": 0.0,
    "27": 0.0,
    "28": 0.0,
    "29": 0.0,
    "30": 0.0,
    "31": 0.0,
    "32": 0.0,
    "33": 0.0,
    "34": 0.0,
    "35": 0.0,
    "36": 0.0,
    "37": 0.0,
    "38": 0.0,
    "39": 0.0,
    "40": 0.0,
    "41": 0.0,
    "42": 0.0,
    "43": 0.0,
    "44": 0.0,
    "45": 0.0,
    "46": 0.0,
    "47": 0.0,
    "48": 0.0,
    "49": 0.0,
    "50": 0.0,
    "51": 0.0,
    "52": 0.0,
    "53": 0.0,
    "54": 0.0,
    "55": 0.0,
    "56": 0.0,
    "57": 0.0,
    "58": 0.0,
    "59": 0.0,
    "60": 0.0,
    "61": 0.0,
    "62": 0.0,
    "63": 0.0
  },
  "triggers": {
    "0": 0,
    "1": 0,
    "2": 0,
    "3": 0,
    "4": 0,
    "5": 0,
    "6": 0,
    "7": 0,
    "8": 0,
    "9": 0,
    "10": 0,
    "11": 0,
    "12": 0,
    "13": 0,
    "14": 0,
    "15": 0,
    "16": 0,
    "17": 0,
    "18": 0,
    "19": 0,
    "20": 0,
    "21": 0,
    "22": 0,
    "23": 0,
    "24": 0,
    "25": 0,
    "26": 0,
    "27": 0,
    "28": 0,
    "29": 0,
    "30": 0,
    "31": 0,
    "32": 0,
    "33": 0,
    "34": 0,
    "35": 0,
    "36": 0,
    "37": 0,
    "38": 0,
    "39": 0,
    "40": 0,
    "41": 0,
    "42": 0,
    "43": 0,
    "44": 0,
    "45": 0,
    "46": 0,
    "47": 0,
    "48": 0,
    "49": 0,
    "50": 0,
    "51": 0,
    "52": 0,
    "53": 0,
    "54": 0,
    "55": 0,
    "56": 0,
    "57": 0,
    "58": 0,
    "59": 0,
    "60": 0,
    "61": 0,
    "62": 0,
    "63": 0
  }
}