{
  "schema": "trench.x3.function_generator.v1",
  "source": "Random Natural Minor.xml",
  "template": {
    "module": "Function Generator",
    "name": "Funky Random Minor"
  },
  "bpm": 1,
  "rate": 4.0,
  "sync": 0,
  "smooth": 0,
  "direction": 3,
  "length": 32,
  "values": {
    "0": 0.0,
    "1": -0.0625,
    "2": 0.0625,
    "3": -0.125,
    "4": 0.09375,
    "5": 0.09375,
    "6": -0.15625,
    "7": -0.15625,
    "8": 0.15625,
    "9": 0.15625,
    "10": -0.21875,
    "11": -0.21875,
    "12": -0.21875,
    "13": 0.21875,
    "14": 0.21875,
    "15": 0.21875,
    "16": -0.28125,
    "17": -0.28125,
    "18": -0.28125,
    "19": -0.28125,
    "20": 0.25,
    "21": 0.25,
    "22": 0.25,
    "23": -0.3125,
    "24": -0.3125,
    "25": -0.3125,
    "26": 0.3125,
    "27": 0.3125,
    "28": -0.375,
    "29": 0.375,
    "30": 0.0,
    "31": 0.0,
    "32": 0.0,
    "33": 0.0,
    "34": 0.0,
    "35": 0.0,
    "36": 0.0,
    "37": 0.0,
    "38": 0.0,
    "39": 0.0,
    "40": 0.0,
    "41": 0.0,
    "42": 0.0,
    "43": 0.0,
    "44": 0.0,
    "45": 0.0,
    "46": 0.0,
    "47": 0.0,
    "48": 0.0,
    "49": 0.0,
    "50": 0.0,
    "51": 0.0,
    "52": 0.0,
    "53": 0.0,
    "54": 0.0,
    "55": 0.0,
    "56": 0.0,
    "57": 0.0,
    "58": 0.0,
    "59": 0.0,
    "60": 0.0,
    "61": 0.0,
    "62": 0.0,
    "63": 0.0
  },
  "triggers": {
    "0": 1,
    "1": 1,
    "2": 0,
    "3": 1,
    "4": 0,
    "5": 0,
    "6": 1,
    "7": 0,
    "8": 0,
    "9": 0,
    "10": 1,
    "11": 0,
    "12": 0,
    "13": 0,
    "14": 0,
    "15": 0,
    "16": 1,
    "17": 0,
    "18": 0,
    "19": 0,
    "20": 0,
    "21": 0,
    "22": 0,
    "23": 1,
    "24": 0,
    "25": 0,
    "26": 0,
    "27": 0,
    "28": 1,
    "29": 0,
    "30": 1,
    "31": 1,
    "32": 1,
    "33": 0,
    "34": 0,
    "35": 0,
    "36": 0,
    "37": 0,
    "38": 0,
    "39": 0,
    "40": 0,
    "41": 0,
    "42": 0,
    "43": 0,
    "44": 0,
    "45": 0,
    "46": 0,
    "47": 0,
    "48": 0,
    "49": 0,
    "50": 0,
    "51": 0,
    "52": 0,
    "53": 0,
    "54": 0,
    "55": 0,
    "56": 0,
    "57": 0,
    "58": 0,
    "59": 0,
    "60": 0,
    "61": 0,
    "62": 0,
    "63": 0
  }
}