{
  "schema": "trench.x3.function_generator.v1",
  "source": "Shark Tooth.xml",
  "template": {
    "module": "Function Generator",
    "name": "Shark Tooth"
  },
  "bpm": 1,
  "rate": 2.0,
  "sync": 2,
  "smooth": 0,
  "direction": 2,
  "length": 23,
  "values": {
    "0": 0.375,
    "1": -0.375,
    "2": 0.34375,
    "3": -0.34375,
    "4": 0.3125,
    "5": -0.3125,
    "6": 0.28125,
    "7": -0.28125,
    "8": 0.25,
    "9": -0.25,
    "10": 0.21875,
    "11": -0.21875,
    "12": 0.1875,
    "13": -0.1875,
    "14": 0.15625,
    "15": -0.15625,
    "16": 0.125,
    "17": -0.125,
    "18": 0.09375,
    "19": -0.09375,
    "20": 0.0625,
    "21": -0.0625,
    "22": 0.03125,
    "23": -0.03125,
    "24": 0.0,
    "25": 0.0,
    "26": 0.0,
    "27": 0.0,
    "28": 0.0,
    "29": 0.0,
    "30": 0.0,
    "31": 0.0,
    "32": 0.0,
    "33": 0.0,
    "34": 0.0,
    "35": 0.0,
    "36": 0.0,
    "37": 0.0,
    "38": 0.0,
    "39": 0.0,
    "40": 0.0,
    "41": 0.0,
    "42": 0.0,
    "43": 0.0,
    "44": 0.0,
    "45": 0.0,
    "46": 0.0,
    "47": 0.0,
    "48": 0.0,
    "49": 0.0,
    "50": 0.0,
    "51": 0.0,
    "52": 0.0,
    "53": 0.0,
    "54": 0.0,
    "55": 0.0,
    "56": 0.0,
    "57": 0.0,
    "58": 0.0,
    "59": 0.0,
    "60": 0.0,
    "61": 0.0,
    "62": 0.0,
    "63": 0.0
  },
  "triggers": {
    "0": 1,
    "1": 1,
    "2": 1,
    "3": 1,
    "4": 1,
    "5": 1,
    "6": 1,
    "7": 1,
    "8": 1,
    "9": 1,
    "10": 1,
    "11": 1,
    "12": 1,
    "13": 1,
    "14": 1,
    "15": 1,
    "16": 1,
    "17": 1,
    "18": 1,
    "19": 1,
    "20": 1,
    "21": 1,
    "22": 1,
    "23": 1,
    "24": 1,
    "25": 0,
    "26": 0,
    "27": 0,
    "28": 0,
    "29": 0,
    "30": 0,
    "31": 0,
    "32": 0,
    "33": 0,
    "34": 0,
    "35": 0,
    "36": 0,
    "37": 0,
    "38": 0,
    "39": 0,
    "40": 0,
    "41": 0,
    "42": 0,
    "43": 0,
    "44": 0,
    "45": 0,
    "46": 0,
    "47": 0,
    "48": 0,
    "49": 0,
    "50": 0,
    "51": 0,
    "52": 0,
    "53": 0,
    "54": 0,
    "55": 0,
    "56": 0,
    "57": 0,
    "58": 0,
    "59": 0,
    "60": 0,
    "61": 0,
    "62": 0,
    "63": 0
  }
}