{
  "schema": "trench.x3.function_generator.v1",
  "source": "Step Sweeper.xml",
  "template": {
    "module": "Function Generator",
    "name": "StepSweeper64FUN"
  },
  "bpm": 1,
  "rate": 1.0,
  "sync": 2,
  "smooth": 0,
  "direction": 0,
  "length": 63,
  "values": {
    "0": 1.0,
    "1": -1.0,
    "2": 0.984375,
    "3": -0.9375,
    "4": 0.9375,
    "5": -0.875,
    "6": 0.859375,
    "7": -0.8125,
    "8": 0.796875,
    "9": -0.734375,
    "10": 0.6875,
    "11": -0.65625,
    "12": 0.640625,
    "13": -0.578125,
    "14": 0.5625,
    "15": -0.484375,
    "16": 0.46875,
    "17": -0.390625,
    "18": 0.40625,
    "19": -0.328125,
    "20": 0.34375,
    "21": -0.265625,
    "22": 0.296875,
    "23": -0.21875,
    "24": 0.234375,
    "25": -0.15625,
    "26": 0.140625,
    "27": -0.109375,
    "28": 0.171875,
    "29": -0.140625,
    "30": 0.203125,
    "31": -0.21875,
    "32": 0.25,
    "33": -0.171875,
    "34": 0.1875,
    "35": -0.140625,
    "36": 0.109375,
    "37": -0.171875,
    "38": 0.171875,
    "39": -0.234375,
    "40": 0.234375,
    "41": -0.296875,
    "42": 0.3125,
    "43": -0.359375,
    "44": 0.390625,
    "45": -0.4375,
    "46": 0.46875,
    "47": -0.5,
    "48": 0.53125,
    "49": -0.5625,
    "50": 0.59375,
    "51": -0.625,
    "52": 0.65625,
    "53": -0.6875,
    "54": 0.734375,
    "55": -0.734375,
    "56": 0.828125,
    "57": -0.796875,
    "58": 0.90625,
    "59": -0.890625,
    "60": 0.96875,
    "61": -0.953125,
    "62": 1.0,
    "63": -1.0
  },
  "triggers": {
    "0": 0,
    "1": 0,
    "2": 0,
    "3": 0,
    "4": 0,
    "5": 0,
    "6": 0,
    "7": 0,
    "8": 0,
    "9": 0,
    "10": 0,
    "11": 0,
    "12": 0,
    "13": 0,
    "14": 0,
    "15": 0,
    "16": 0,
    "17": 0,
    "18": 0,
    "19": 0,
    "20": 0,
    "21": 0,
    "22": 0,
    "23": 0,
    "24": 0,
    "25": 0,
    "26": 0,
    "27": 0,
    "28": 0,
    "29": 0,
    "30": 0,
    "31": 0,
    "32": 0,
    "33": 0,
    "34": 0,
    "35": 0,
    "36": 0,
    "37": 0,
    "38": 0,
    "39": 0,
    "40": 0,
    "41": 0,
    "42": 0,
    "43": 0,
    "44": 0,
    "45": 0,
    "46": 0,
    "47": 0,
    "48": 0,
    "49": 0,
    "50": 0,
    "51": 0,
    "52": 0,
    "53": 0,
    "54": 0,
    "55": 0,
    "56": 0,
    "57": 0,
    "58": 0,
    "59": 0,
    "60": 0,
    "61": 0,
    "62": 0,
    "63": 0
  }
}