{
  "schema": "trench.x3.function_generator.v1",
  "source": "Up To Pitch.xml",
  "template": {
    "module": "Function Generator",
    "name": "UpToPitchFUN"
  },
  "bpm": 0,
  "rate": 18.01,
  "sync": 2,
  "smooth": 1,
  "direction": 5,
  "length": 63,
  "values": {
    "0": 0.0,
    "1": 0.0,
    "2": 0.0,
    "3": 0.0,
    "4": 0.0,
    "5": 0.03125,
    "6": 0.078125,
    "7": 0.140625,
    "8": 0.1875,
    "9": 0.25,
    "10": 0.34375,
    "11": 0.453125,
    "12": 0.578125,
    "13": 0.6875,
    "14": 0.75,
    "15": 0.75,
    "16": 0.75,
    "17": 0.75,
    "18": 0.75,
    "19": 0.75,
    "20": 0.75,
    "21": 0.75,
    "22": 0.75,
    "23": 0.75,
    "24": 0.75,
    "25": 0.75,
    "26": 0.75,
    "27": 0.75,
    "28": 0.75,
    "29": 0.75,
    "30": 0.75,
    "31": 0.75,
    "32": 0.75,
    "33": 0.75,
    "34": 0.75,
    "35": 0.75,
    "36": 0.75,
    "37": 0.75,
    "38": 0.75,
    "39": 0.75,
    "40": 0.75,
    "41": 0.75,
    "42": 0.75,
    "43": 0.75,
    "44": 0.75,
    "45": 0.75,
    "46": 0.75,
    "47": 0.75,
    "48": 0.75,
    "49": 0.75,
    "50": 0.75,
    "51": 0.75,
    "52": 0.75,
    "53": 0.75,
    "54": 0.75,
    "55": 0.75,
    "56": 0.75,
    "57": 0.75,
    "58": 0.75,
    "59": 0.75,
    "60": 0.75,
    "61": 0.75,
    "62": 0.75,
    "63": 0.75
  },
  "triggers": {
    "0": 0,
    "1": 0,
    "2": 0,
    "3": 0,
    "4": 0,
    "5": 0,
    "6": 0,
    "7": 0,
    "8": 0,
    "9": 0,
    "10": 0,
    "11": 0,
    "12": 0,
    "13": 0,
    "14": 0,
    "15": 0,
    "16": 0,
    "17": 0,
    "18": 0,
    "19": 0,
    "20": 0,
    "21": 0,
    "22": 0,
    "23": 0,
    "24": 0,
    "25": 0,
    "26": 0,
    "27": 0,
    "28": 0,
    "29": 0,
    "30": 0,
    "31": 0,
    "32": 0,
    "33": 0,
    "34": 0,
    "35": 0,
    "36": 0,
    "37": 0,
    "38": 0,
    "39": 0,
    "40": 0,
    "41": 0,
    "42": 0,
    "43": 0,
    "44": 0,
    "45": 0,
    "46": 0,
    "47": 0,
    "48": 0,
    "49": 0,
    "50": 0,
    "51": 0,
    "52": 0,
    "53": 0,
    "54": 0,
    "55": 0,
    "56": 0,
    "57": 0,
    "58": 0,
    "59": 0,
    "60": 0,
    "61": 0,
    "62": 0,
    "63": 0
  }
}