{"len":256,"M0_Q0":[3.824838401556008e-08,1.6591130247434194e-07,1.0683572781999828e-06,3.0750099995202618e-06,7.400152753689326e-06,1.2229055755597074e-05,6.626782123930752e-06,-7.986126547621097e-06,-1.0061459761345759e-05,2.6164248083659913e-06,7.4144268182863016e-06,-2.8445262501008983e-07,-4.181409167358652e-06,-2.6241247041980387e-07,2.032262727880152e-06,2.3773284851813514e-07,-8.961022217590653e-07,-1.311103829948479e-07,3.684044713736512e-07,5.9068824498353933e-08,-1.435522278825374e-07,-2.3574260765713007e-08,5.3587445592029326e-08,8.63409255202896e-09,-1.930681037265458e-08,-2.9561635361829985e-09,6.749947267792322e-09,9.559527613944852e-10,-2.2993649206881628e-09,-2.935032217266098e-10,7.656272282829946e-10,8.5665030624682e-11,-2.498250217808362e-10,-2.3698430370866497e-11,8.005113238951367e-11,6.1576473087132655e-12,-2.5232654507489904e-11,-1.4718170258942731e-12,7.835294045521746e-12,3.0766234286778993e-13,-2.399853536380614e-12,-4.7649282794177267e-14,7.258005503031628e-13,1.3011691325291014e-16,-2.1694949168312577e-13,4.275977324769056e-15,6.414531720459055e-14,-2.5519071939281027e-15,-1.8773760215688717e-14,1.1270148175297626e-15,5.4424958531346275e-15,-4.3788906102505915e-16,-1.5637122884864922e-15,1.580526686582878e-16,4.455064547894967e-16,-5.4310604451255514e-17,-1.259200635226121e-16,1.8004502548335356e-17,3.532373559000728e-17,-5.805051382091498e-18,-9.838760829669079e-18,1.830132762575358e-18,2.7219093567287234e-18,-5.66293896112032e-19,-7.481899822342537e-19,1.7245820090223597e-19,2.0440432974934017e-19,-5.17994232071344e-20,-5.551800395734373e-20,1.5370452038197285e-20,1.4995482342356474e-20,-4.511821108253544e-21,-4.0288389111956406e-21,1.311600985082683e-21,1.0769491717624782e-21,-3.779557047610275e-22,-2.8648595751433043e-22,1.0804761499370596e-22,7.585692775492491e-23,-3.0663692339988356e-23,-1.9996611049950345e-23,8.644337799411847e-24,5.248881670392497e-24,-2.4219794866560494e-24,-1.3721474195545962e-24,6.747604090164907e-25,3.5729531853529254e-25,-1.8700694710933716e-25,-9.26849810616952e-26,5.157820349963021e-26,2.3955411523812374e-26,-1.4162227238438386e-26,-6.169643391506623e-27,3.872553620840924e-27,1.5835111558548516e-27,-1.0548628380129937e-27,-4.050615377552748e-28,2.863183270340798e-28,1.0327251640448617e-28,-7.745854911760383e-29,-2.6243819804141884e-29,2.0891060140214904e-29,6.647384066555386e-30,-5.618471040094196e-30,-1.6782081456859083e-30,1.5070592715112694e-30,4.222667700950401e-31,-4.032530079111675e-31,-1.0588432285229571e-31,1.0765484068856074e-31,2.645561120741711e-32,-2.8679058771997464e-32,-6.585065721376698e-33,7.624856596236245e-33,1.6324740245181905e-33,-2.0234283845803134e-33,-4.029319128130328e-34,5.360200975161859e-34,9.897658990092555e-35,-1.4175990066055276e-34,-2.418334540836485e-35,3.743184689877545e-35,5.8734051635471915e-36,-9.869064286448211e-36,-1.416707994227999e-36,2.5982694068814273e-36,3.390073036885839e-37,-6.831057376954264e-37,-8.036235377094406e-38,1.7935168598148618e-37,1.8835692036769997e-38,-4.702744754328214e-38,-4.353732033869311e-39,1.2315078938173577e-38,9.887491899352693e-40,-3.220859296878234e-39,-2.194167148424442e-40,8.41321381100584e-40,4.716910760763767e-41,-2.1948818106412475e-40,-9.677367194627187e-42,5.719119422448876e-41,1.8413061821228096e-42,-1.4883190989593882e-41,-3.026804682941605e-43,3.86898506000082e-42,3.363116314379561e-44,-1.0047309989208938e-42,2.802596928649634e-45,2.6064151436441598e-43,-4.203895392974451e-45,-6.726232628759122e-44,1.401298464324817e-45,1.6815581571897805e-44,-0.0,-4.203895392974451e-45,0.0,1.401298464324817e-45,-0.0,-0.0,0.0,0.0,-0.0,-0.0,0.0,0.0,-0.0,-0.0,0.0,0.0,-0.0,-0.0,0.0,0.0,-0.0,-0.0,0.0,0.0,-0.0,-0.0,0.0,0.0,-0.0,-0.0,0.0,0.0,-0.0,-0.0,0.0,0.0,-0.0,-0.0,0.0,0.0,-0.0,-0.0,0.0,0.0,-0.0,-0.0,0.0,0.0,-0.0,-0.0,0.0,0.0,-0.0,-0.0,0.0,0.0,-0.0,-0.0,0.0,0.0,-0.0,-0.0,0.0,0.0,-0.0,-0.0,0.0,0.0,-0.0,-0.0,0.0,0.0,-0.0,-0.0,0.0,0.0,-0.0,-0.0,0.0,0.0,-0.0,-0.0,0.0,0.0,-0.0,-0.0,0.0,0.0,-0.0,-0.0,0.0,0.0,-0.0,-0.0,0.0,0.0,-0.0,-0.0,0.0,0.0,-0.0,-0.0],